{
  "precipitation": {
    "A801_NEW_2022": {
      "mean": 0.03354951359441257,
      "std": 0.4777675597954021,
      "min": 0.0,
      "max": 19.0,
      "median": 0.0,
      "count": 8018
    },
    "A801_NEW_2024": {
      "mean": 0.043614881850175966,
      "std": 0.6602539971796474,
      "min": 0.0,
      "max": 40.0,
      "median": 0.0,
      "count": 7956
    }
  },
  "temperature": {
    "A801_NEW_2022": {
      "mean": 19.61642156862745,
      "std": 5.953288512379724,
      "min": 5.0,
      "max": 36.0,
      "median": 19.0,
      "count": 816
    },
    "A801_NEW_2024": {
      "mean": 20.426556991774383,
      "std": 5.59917639027341,
      "min": 5.0,
      "max": 36.0,
      "median": 21.0,
      "count": 851
    }
  },
  "humidity": {
    "A801_NEW_2022": {
      "mean": 76.74398625429554,
      "std": 15.87674778789979,
      "min": 23.0,
      "max": 98.0,
      "median": 80.0,
      "count": 8730
    },
    "A801_NEW_2024": {
      "mean": 78.11250570515746,
      "std": 14.786791903905101,
      "min": 28.0,
      "max": 97.0,
      "median": 82.0,
      "count": 8764
    }
  },
  "pressure": {
    "A801_NEW_2022": {
      "mean": 1009.5148401826484,
      "std": 5.6216730684659115,
      "min": 995.0,
      "max": 1027.0,
      "median": 1009.0,
      "count": 876
    },
    "A801_NEW_2024": {
      "mean": 1009.9326710816777,
      "std": 5.388230773499663,
      "min": 991.0,
      "max": 1027.0,
      "median": 1010.0,
      "count": 906
    }
  },
  "wind_speed": {
    "A801_NEW_2022": {
      "mean": 1.4887133182844243,
      "std": 0.6851014467193884,
      "min": 1.0,
      "max": 4.0,
      "median": 1.0,
      "count": 886
    },
    "A801_NEW_2024": {
      "mean": 1.5174418604651163,
      "std": 0.7307788213880565,
      "min": 1.0,
      "max": 5.0,
      "median": 1.0,
      "count": 860
    }
  }
}